config,sharpe,cagr,max_dd,ops,acierto,omitidas_min
"donchian|tf=4h,n=20,m=20,k=3",1.543030378043117,0.12812718644296472,-0.06771875095991908,218,0.42660550458715596,13
"donchian|tf=4h,n=20,m=10,k=3",1.4933004852888134,0.12156793769719432,-0.07773472347686561,238,0.42016806722689076,13
"trend_ma|tf=4h,n=200,k=3",1.253739185093182,0.161290737160259,-0.14566754917688896,284,0.14084507042253522,93
"trend_ma|tf=4h,n=200,k=2",1.2444776209390644,0.2143635443125953,-0.1925017725751541,295,0.13898305084745763,9
"donchian|tf=4h,n=55,m=20,k=3",1.2399402586566852,0.08525955057344681,-0.08950711254223165,171,0.42105263157894735,6
"trend_ma|tf=1d,n=50,k=2",1.222640138053582,0.14346433206827025,-0.139501789691021,87,0.2413793103448276,88
"trend_ma|tf=4h,n=100,k=3",1.2154909529581355,0.1400311894800761,-0.15215535086023968,441,0.18820861678004536,0
"donchian|tf=4h,n=55,m=10,k=3",1.2085603037722403,0.08191316802427795,-0.08122348879120733,184,0.4076086956521739,5
"trend_ma|tf=4h,n=100,k=2",1.1918981295359208,0.18599907279993078,-0.20892000872199923,452,0.1836283185840708,0
"donchian|tf=4h,n=20,m=20,k=2",1.1796598516573364,0.10652103225811382,-0.14344555598370068,308,0.3961038961038961,1
"trend_ma|tf=1d,n=50,k=3",1.1716455485639277,0.09349444658351902,-0.08615919736401179,71,0.2535211267605634,388
"donchian|tf=4h,n=20,m=10,k=2",1.1497003217710227,0.10327863531221038,-0.1417731688508428,311,0.39228295819935693,1
"trend_ma|tf=1d,n=20,k=2",1.1231754298766568,0.07077958947473806,-0.08642623567027552,174,0.28160919540229884,187
"ema_cross|tf=4h,k=3,fast=9,slow=21",1.099405617775321,0.09685764148848852,-0.12882191773450924,415,0.3180722891566265,24
"ema_cross|tf=4h,k=3,fast=20,slow=50",1.0681052054884292,0.07471768200684514,-0.08096297221696769,185,0.3621621621621622,9
"trend_ma|tf=4h,n=50,k=3",1.0231041201102242,0.10710876028585337,-0.19173023872295736,683,0.20351390922401172,63
"trend_ma|tf=1d,n=20,k=3",1.0073936506370176,0.03838419383606295,-0.058495691627104884,107,0.27102803738317754,849
"trend_ma|tf=4h,n=50,k=2",0.9716194379575707,0.13560619348387437,-0.2503798915742039,701,0.19971469329529243,2
"donchian|tf=4h,n=55,m=20,k=2",0.9572920716239899,0.07292773321642199,-0.14082848786809288,235,0.39574468085106385,0
"ema_cross|tf=4h,k=3,fast=50,slow=200",0.9553637299764389,0.040680711263664016,-0.037155498373398155,51,0.5098039215686274,2
"ema_cross|tf=4h,k=2,fast=9,slow=21",0.9541443971469318,0.09053711582373047,-0.1548003306735406,435,0.3195402298850575,4
"trend_ma|tf=1d,n=100,k=2",0.9514123233648635,0.09993412894960918,-0.16314903039520312,58,0.25862068965517243,88
"donchian|tf=4h,n=55,m=10,k=2",0.9256900125265894,0.07017951707077597,-0.1399241886773117,237,0.3924050632911392,0
"trend_ma|tf=1d,n=100,k=3",0.9041953136090148,0.06551756755578086,-0.10460641211759181,43,0.3023255813953488,381
"ema_cross|tf=1d,k=3,fast=9,slow=21",0.8457864973664647,0.02403696675355027,-0.04818380155136037,28,0.35714285714285715,45
"ema_cross|tf=4h,k=2,fast=20,slow=50",0.7545079154623504,0.05307921116978864,-0.07600161617518375,194,0.3865979381443299,0
"donchian|tf=1h,n=20,m=20,k=3",0.7031126549302134,0.08360560282658613,-0.2887055515417294,933,0.35262593783494106,0
"trend_ma|tf=4h,n=20,k=3",0.6902904700882055,0.06343141888713144,-0.20207703979498404,1165,0.22145922746781116,286
"trend_ma|tf=1d,n=200,k=3",0.6528625626313088,0.05278521462475472,-0.19251820985369883,20,0.4,436
"trend_ma|tf=4h,n=20,k=2",0.6453214331106546,0.07911697245534954,-0.28045043835593286,1195,0.22092050209205022,11
"trend_ma|tf=1d,n=200,k=2",0.6343873990353034,0.06225804964457038,-0.2216451697672449,32,0.25,250
"ema_cross|tf=1d,k=2,fast=9,slow=21",0.6013508040847094,0.019936448112623628,-0.0455935031584751,51,0.4117647058823529,22
"donchian|tf=1h,n=55,m=20,k=3",0.593016096435851,0.06088634357691536,-0.2887881743252392,673,0.35066864784546803,0
"ema_cross|tf=1d,k=3,fast=50,slow=200",0.5898309807073012,0.0071294507606218804,-0.020914076176810736,2,1.0,7
"donchian|tf=1h,n=20,m=10,k=3",0.529159370709296,0.05852346782267359,-0.28752277740826016,1022,0.35812133072407043,0
"ema_cross|tf=1d,k=3,fast=20,slow=50",0.49430142582097086,0.009723715757802287,-0.0450783728940255,13,0.46153846153846156,16
"ema_cross|tf=4h,k=2,fast=50,slow=200",0.4636528960926668,0.01706413095999082,-0.07317220420849735,53,0.4528301886792453,0
"ema_cross|tf=1h,k=3,fast=20,slow=50",0.4626213809531857,0.04415190880107933,-0.21408568006179995,776,0.32603092783505155,0
"donchian|tf=1h,n=55,m=10,k=3",0.37475375226481356,0.03465433017801822,-0.2832374977287955,725,0.35586206896551725,0
"ema_cross|tf=1d,k=2,fast=50,slow=200",0.33709540971561075,0.004711224408264547,-0.03351282846002446,7,0.5714285714285714,2
"ema_cross|tf=1d,k=2,fast=20,slow=50",0.1601901503995606,0.0033066010512652344,-0.04052320390742137,23,0.43478260869565216,6
"ema_cross|tf=1h,k=3,fast=9,slow=21",0.09565216236925761,0.0036742922044028514,-0.577702425451871,1875,0.2714666666666667,2
"donchian|tf=1h,n=55,m=20,k=2",0.09121998937180213,0.004106594155059762,-0.4180009031337013,863,0.31981460023174973,0
"donchian|tf=1h,n=20,m=20,k=2",0.07207720243374052,0.0012938543824818627,-0.5131613731214996,1227,0.33170334148329256,0
"donchian|tf=1h,n=55,m=10,k=2",0.044990627481516,-0.0008383416014904332,-0.4103411281515116,871,0.3203214695752009,0
"donchian|tf=1h,n=20,m=10,k=2",0.00506791702580926,-0.006928897991806626,-0.5178369974482807,1246,0.32825040128410915,0
"ema_cross|tf=1h,k=3,fast=50,slow=200",-0.22356562516113934,-0.013649812121700577,-0.23007055769267037,249,0.321285140562249,1
"ema_cross|tf=1h,k=2,fast=50,slow=200",-0.7162831125774926,-0.0333426295250856,-0.2962564026033815,250,0.248,0
"ema_cross|tf=1h,k=2,fast=20,slow=50",-0.7216686213846314,-0.06570583380466666,-0.5676160664880193,776,0.297680412371134,0
"rsi_mr|tf=4h,th=10,exit_n=10,k=3",-0.7437358055826874,-0.024107289668710008,-0.240401974818648,391,0.639386189258312,112
"rsi_mr|tf=4h,th=5,exit_n=10,k=3",-0.7895623561309195,-0.02029529997355095,-0.19297281915870068,195,0.5641025641025641,47
"ema_cross|tf=1h,k=2,fast=9,slow=21",-0.8437203612141548,-0.11315109313710514,-0.8161927061758536,1874,0.2742796157950907,3
"rsi_mr|tf=4h,th=5,exit_n=5,k=3",-0.9599558769715961,-0.01946160813965314,-0.18449865521827746,203,0.5615763546798029,45
"rsi_mr|tf=4h,th=5,exit_n=10,k=2",-0.9921548009330299,-0.034987924395253445,-0.30742985165967174,234,0.5384615384615384,16
"rsi_mr|tf=4h,th=10,exit_n=10,k=2",-1.019140007603352,-0.04843876308668005,-0.39857695206880506,475,0.6021052631578947,37
"rsi_mr|tf=4h,th=5,exit_n=5,k=2",-1.1250124240155133,-0.03263594641016998,-0.28929118430495937,238,0.5588235294117647,13
"rsi_mr|tf=4h,th=10,exit_n=5,k=3",-1.1421952443171324,-0.03148689821746031,-0.2843174329508592,425,0.5788235294117647,110
"rsi_mr|tf=4h,th=10,exit_n=5,k=2",-1.248691204632722,-0.0501580027821531,-0.40764991497050795,506,0.5731225296442688,35
"rsi_mr|tf=4h,th=20,exit_n=10,k=3",-1.360231581648104,-0.052455877691093056,-0.41577508437503463,676,0.6316568047337278,286
"rsi_mr|tf=4h,th=20,exit_n=10,k=2",-1.3868787609540274,-0.07811952118306731,-0.5560765805796724,844,0.6161137440758294,83
"rsi_mr|tf=1h,th=5,exit_n=10,k=3",-1.4114039901444815,-0.060043087778310356,-0.4677181032149562,883,0.5583238958097395,23
"rsi_mr|tf=1h,th=5,exit_n=10,k=2",-1.5147575417963042,-0.08169693031681469,-0.5799370858221822,966,0.5351966873706004,0
"rsi_mr|tf=4h,th=20,exit_n=5,k=3",-1.5898642206521967,-0.05576958998941983,-0.4345163929324076,735,0.5795918367346938,296
"rsi_mr|tf=4h,th=20,exit_n=5,k=2",-1.664227074801583,-0.08460341629599744,-0.584645066910316,903,0.5791805094130675,97
"rsi_mr|tf=1h,th=5,exit_n=5,k=3",-2.0077337431087,-0.07084909845799436,-0.5189892198243242,908,0.5044052863436124,28
"rsi_mr|tf=1h,th=5,exit_n=5,k=2",-2.0292708289419883,-0.08812246047183248,-0.6095174232149482,986,0.5020283975659229,0
"rsi_mr|tf=1h,th=10,exit_n=10,k=2",-2.2817225850794807,-0.15226331559040762,-0.8051236148339543,1798,0.5350389321468298,324
"rsi_mr|tf=1h,th=10,exit_n=10,k=3",-2.379034338462689,-0.12844292998489293,-0.7408714794919073,1762,0.5351872871736663,105
"rsi_mr|tf=1h,th=20,exit_n=10,k=2",-2.612507114348664,-0.15284740956922405,-0.8057582686907631,1672,0.5293062200956937,4102
"rsi_mr|tf=1h,th=10,exit_n=5,k=2",-2.6389996979449974,-0.15215633072085755,-0.8019191725273137,1837,0.5019052803483941,416
"rsi_mr|tf=1h,th=20,exit_n=5,k=2",-2.9209484234352345,-0.15231495424942387,-0.803361396311156,1593,0.47771500313873194,4401
"rsi_mr|tf=1h,th=10,exit_n=5,k=3",-3.0085989099342245,-0.13896598906140645,-0.7691534901737648,1865,0.4868632707774799,153
"rsi_mr|tf=1h,th=20,exit_n=10,k=3",-3.012405787636055,-0.1525800721712871,-0.804314743126598,2022,0.5019782393669634,3091
"rsi_mr|tf=1h,th=20,exit_n=5,k=3",-3.4380435778245793,-0.15228108359264325,-0.8026721169021299,1835,0.45286103542234335,3720
